-0.8119653686881065	0.1646722257137298	0.255400002002716
-0.5123368799686432	-0.0117303133010864	0.2403477430343628
0.4389209449291229	-0.226173847913742	0.2910466194152832
-0.9889376601204276	-0.011698305606842	0.3479818999767303
-0.986937684006989	-0.0376175642013549	0.1278501749038696
-0.7307752519845963	-0.0851607918739318	-0.1441764831542968
0.1676340103149414	0.4585554897785187	-0.2146737277507782
-0.5180626660585403	-0.2658509910106659	0.553993821144104
-0.5886461436748505	0.3529152274131775	0.4302598536014557
-0.8059455901384354	0.1106552183628082	0.4586895108222961
-0.7790143713355064	0.1686160266399383	0.4864189922809601
0.8652474731206894	-0.4837846755981445	0.2522059679031372
-0.5280775278806686	-0.0836263000965118	0.0629002749919891
-0.9615992289036512	0.0678940117359161	0.1504619121551513
-0.4386534690856933	0.1283729672431945	0.6147798001766205
-0.887952420860529	-0.1073899865150451	0.4342972338199615
-0.7317827939987183	-0.1094489395618438	0.69175586104393
-0.861516460776329	-0.2229271531105041	0.1476513743400573
-0.8230077177286148	-0.008415400981903	0.3955566883087158
0.2590644061565399	0.0467504262924194	-0.0600230991840362
0.4971566498279571	0.0151356756687164	-0.3777193427085876
0.8833489082753658	-0.3311450779438019	0.4918958246707916
-0.3500019013881683	-0.0452010333538055	0.5741506367921829
-0.5962098985910416	-0.1877889335155487	0.3210506439208984
-0.1589651405811309	-0.3432226479053497	0.1843683719635009
0.1627014577388763	0.0103594660758972	0.3144478499889374
-0.8551300838589668	-0.4678179323673248	0.9880342222750188
0.9459625259041786	-0.2292555272579193	0.1263055503368377
-0.6356460005044937	-0.5947272330522537	0.7636179104447365
0.3434742391109466	-0.4333939552307129	0.6993683874607086
0.6811492443084717	0.6315845996141434	0.5605241507291794
0.4530777931213379	-0.1009443700313568	-0.0006813704967498
0.6417164951562881	-0.0674065351486206	0.5593643635511398
-0.8639606088399887	-0.1205455064773559	0.5945614874362946
-0.3319849967956543	-0.5685703307390213	0.2352334856986999
-0.924700140953064	-0.3354790508747101	-0.9113833792507648
-0.8279124870896339	-0.1232298612594604	0.5347730815410614
-0.6427004188299179	0.1551186442375183	0.3343854546546936
0.907340046018362	0.009031057357788	0.4741668403148651
-0.9454683102667332	-0.1667860150337219	0.477118045091629
-0.0622996687889099	0.224208801984787	0.4321073293685913
-0.6131288856267929	-0.1880210041999817	0.2430332005023956
0.7164478302001953	-0.1858392059803009	0.1697665452957153
-0.9108197875320913	-0.0772667229175567	0.5312876552343369
-0.9679471030831336	-0.1605512499809265	-0.950268853455782
0.0568166077136993	0.0020935535430908	0.0461628139019012
-0.9477324597537518	-0.178987443447113	0.9907227531075478
-0.8130060881376266	0.0538380146026611	0.2269753217697143
-0.4738761186599731	-0.3230147659778595	0.683217003941536
0.1559301614761352	-0.1874190866947174	0.5457285642623901
-0.5964224338531494	-0.1453480422496795	0.5474938154220581
-0.8462782502174377	-0.2481326758861541	0.635395273566246
0.1155123710632324	-0.095957338809967	0.3507706820964813
-0.4500095248222351	-0.0914775431156158	0.5061513930559158
-0.8463181108236313	-0.1170931160449981	0.2110591828823089
0.7500282451510429	-0.1635795533657074	0.1990932524204254
0.8586567491292953	0.0376734435558319	0.5889275968074799
-0.9747421341016888	-0.3834995627403259	-0.4142029285430908
-0.6738678514957428	-0.117766261100769	0.5107012987136841
0.8200987130403519	-0.2520479559898376	0.4531323611736297
-0.9376419577747584	-0.2475658953189849	0.0261480212211608
0.8829000890254974	-0.0274190306663513	0.117177128791809
-0.6633503288030624	-0.2238847315311432	0.4400322437286377
0.1795722842216491	0.0827299058437347	-0.0239210128784179
0.5432435274124146	-0.2413486242294311	0.5230772644281387
-0.9454753436148168	0.1608914732933044	-0.0043223202228546
0.935427699238062	-0.2827344834804535	0.2562713027000427
0.1497421264648437	-0.048035055398941	0.0463736951351165
0.0306279361248016	0.2248769700527191	0.4151155948638916
-0.3224691152572632	-0.1877273321151733	0.2225503325462341
-0.9074125476181508	-0.5028290152549744	0.2612881958484649
-0.6382545977830887	-0.0440428853034973	0.3283380270004272
0.6283625215291977	-0.7319626808166504	0.9127969555556774
-0.3448838889598846	-0.4731834828853607	0.5486781597137451
-0.7789919525384903	0.1886701881885528	0.0498047769069671
-0.146058440208435	-0.1460696458816528	-0.1989059150218963
-0.9185534678399564	-0.0779367089271545	0.2173274755477905
-0.9762819977477192	-0.1002611219882965	0.3723947405815124
-0.8036218136548996	0.2776103913784027	0.4454097747802734
0.6564510762691498	-0.3948655426502228	0.5583120733499527
-0.670501783490181	-0.177994430065155	0.2371789515018463
0.8241532742977142	0.0740801095962524	0.7793919742107391
0.1516666114330291	0.0406617820262908	0.442434012889862
-0.3582285344600677	0.3948832750320434	0.6439370810985565
-0.6325529664754868	-0.179179310798645	0.0169756710529327
-0.975399937480688	-0.077217012643814	-0.0891764163970947
-0.3832492530345917	-0.1291632056236267	-0.98075532913208
-0.0867005884647369	-0.1984899640083313	0.4783134758472442
-0.9575704671442508	-0.2791999578475952	0.0583010911941528
-0.5759454816579819	-0.2825997769832611	0.1776641905307769
-0.7245188355445862	-0.2057525813579559	0.1747159659862518
-0.9841098487377168	-0.1697601675987243	0.4046297967433929
-0.0676175057888031	0.0324481725692749	0.2769067585468292
-0.964586714282632	0.0368349254131317	-0.44563889503479
-0.7882392108440399	-0.5103108137845993	0.3774245679378509
-0.5914118140935898	-0.297642707824707	0.6265570670366287
0.3396337330341339	-0.2374156415462494	0.0241264998912811
-0.99200949491933	-0.2293015420436859	0.3693703114986419
-0.9608602877706288	-0.1293607354164123	0.3074612617492676
0.9231713749468328	-0.3300029039382934	0.4053848683834076
0.9840922998264432	-0.4147775173187256	-0.1012639105319976
-0.9470247589051723	-0.3186024129390716	-0.9881180534139276
-0.5422350317239761	-0.3088103532791137	0.4601112306118011
-0.9623706806451082	-0.0801444351673126	0.5010408014059067
-0.9536041747778654	-0.3126402795314789	0.591920405626297
-0.90511928871274	0.1329163014888763	0.3422457575798034
-0.9069506898522376	0.0240887403488159	-0.0808093547821044
0.6268960386514664	-0.3312817811965942	0.1471364498138427
-0.9874952542595564	-0.3725068569183349	0.3568327128887176
-0.6034917831420898	-0.0507488846778869	0.0888594985008239
0.9356478601694108	0.096761018037796	0.2636809647083282
-0.9201087541878225	-0.1946772933006286	0.2999308705329895
-0.1381960213184356	-0.196156620979309	0.4540146887302398
-0.4833527505397796	-0.5603588670492172	0.3306127488613128
-0.911807246506214	-0.324205219745636	0.4233185946941376
-0.9662090595811604	-0.2083284258842468	0.3721816539764404
-0.4734595715999603	-0.2494576275348663	-0.013154774904251
0.3180860579013824	-0.4682324528694153	0.2282389104366302
-0.3194484114646911	-0.3524117469787597	-0.0258707702159881
-0.3880318105220794	-0.0128126740455627	0.5507811456918716
-0.5863587409257889	0.2878190875053406	0.5952063351869583
-0.7410270869731903	-0.4055029451847076	0.6052228212356567
-0.0423915386199951	-0.2464822232723236	0.5890825390815735
-0.8005644157528877	-0.4209614098072052	-0.5300243496894836
-0.948178106918931	0.2995223701000213	0.3885328471660614
0.7463671565055847	-0.2426283657550811	0.4223849475383758
0.6385005712509155	-0.1735972464084625	0.5844387859106064
0.8175180777907372	-0.2839084565639496	0.5008856505155563
-0.9264008440077304	-0.3937566578388214	0.4283019304275512
-0.5833080559968948	-0.4661639928817749	0.0125795304775238
-0.9732710411772132	-0.0800243020057678	0.3777835369110107
-0.7234063446521759	-0.3045729994773865	0.710727795958519
-0.9685437735170126	0.15547576546669	0.3206922113895416
-0.6461740732192993	-0.0717109143733978	0.3290858566761017
-0.320029467344284	-0.3526779413223266	0.1982036232948303
-0.9233771301805972	0.0761706531047821	0.0562538802623748
-0.4969289004802704	-0.402004599571228	0.2659921646118164
-0.9861800894141196	-0.6999312043190002	0.5249766260385513
-0.8915553279221058	0.1470129489898681	-0.4532372653484344
-0.4742358028888702	-0.1769816577434539	0.0163890123367309
0.5581064820289612	-0.0565187335014343	0.6190322786569595
0.0518048703670501	0.1027790904045105	-0.2516528666019439
-0.9562824815511703	0.1116824448108673	0.7227968126535416
0.3839011490345001	-0.0498475134372711	0.4033679366111755
-0.9752509649842978	-0.4025301337242126	0.6415041834115982
-0.9148262776434422	-0.492271214723587	0.72004234790802
-0.966461019590497	0.1702812016010284	0.4252745807170868
0.8099637180566788	0.1727553308010101	0.4927222728729248
-0.6039725691080093	0.0213100910186767	0.2969227135181427
-0.9075459092855452	-0.2866186797618866	0.4004019498825073
0.3640519380569458	-0.0805546343326568	0.1745029389858245
-0.8912786431610584	-0.2140251696109771	0.5241936892271042
-0.8245374038815498	-0.4697369337081909	0.5590927302837372
-0.1100575625896453	-0.0025545358657836	0.36857870221138
-0.64232437312603	-0.1276402473449707	0.0268789231777191
-0.5974552482366562	-0.0300630629062652	0.4733259081840515
-0.8346807807683945	-0.1112533211708068	0.4959907233715057
-0.2256073951721191	-0.0074994266033172	-0.12615966796875
-0.9606900122016668	-0.3298370540142059	0.6300580352544785
-0.5636018812656403	-0.0751074850559234	0.6144640445709229
0.8668328747153282	-0.0556680262088775	0.4793598651885986
-0.4774503707885742	-0.1098169982433319	0.2334436178207397
-0.942127101123333	-0.1448900401592254	0.4082121849060058
-0.7661050036549568	-0.4844984710216522	0.2651400864124298
-0.7806435748934746	0.0195306837558746	0.3864183723926544
0.4982670247554779	-0.215559720993042	0.5118614435195923
-0.9888813351280988	-0.5351621955633163	-0.1188071072101593
-0.0342791974544525	-0.5046207457780838	0.3395781517028808
-0.9785954896360636	-0.2747077345848083	0.1977710723876953
0.5263981074094772	-0.3352488875389099	0.2921150922775268
-0.993792170425877	-0.4812944829463959	0.628623828291893
0.0520825386047363	-0.1369556486606598	-0.0280172228813171
0.8181062564253807	-0.0673981308937072	0.1344746947288513
0.237197458744049	0.0399273633956909	0.0909806787967681
-0.2453199625015258	-0.1909904479980468	0.2736960649490356
-0.3864531517028808	0.1099971532821655	-0.120894581079483
0.4756328761577606	0.1085467636585235	0.6191266775131226
-0.894738182425499	0.0719108581542968	0.2352212965488433
0.8536099791526794	0.1006097793579101	-0.0630845129489898
-0.2462219893932342	-0.2887294292449951	0.0371825695037841
-0.0414865016937255	-0.2434735596179962	-0.09095299243927
-0.5846238285303116	0.1931818425655365	0.522570326924324
-0.2556852996349334	-0.3645383417606354	0.4816774129867553
-0.2272544205188751	-0.0341439545154571	0.132892221212387
-0.2708932757377624	0.1929267346858978	0.3647652566432953
0.6220081299543381	-0.0672362744808197	0.5973382443189621
-0.6544304341077805	-0.1597086489200592	0.1224081814289093
-0.9669127371162176	-0.4118248522281647	0.5241164118051529
0.8689762428402901	-0.4494761824607849	0.2796122133731842
0.7030548006296158	-0.4643620550632477	0.2182074785232544
0.708035483956337	-0.1449668109416961	-0.8927194699645042
-0.1096694469451904	0.0147488117218017	0.2836321890354156
-0.9160203859210014	-0.2481034994125366	0.3023000657558441
-0.8816071823239326	0.0981233716011047	0.3338921070098877
-0.9861634713597596	-0.5488995015621185	0.0742286443710327
-0.8560027256608009	-0.0656894445419311	0.5751302242279053
-0.3482305109500885	-0.2207229435443878	0.2935427725315094
-0.9604719299823046	-0.2966450154781341	0.5224684923887253
-0.9662066362798214	-0.071530669927597	-0.9651047699153424
0.5778277069330215	-0.1882487535476684	0.2496139705181121
-0.4962948262691498	-0.0904794931411743	0.3845956921577453
-0.6447442770004272	-0.1863338947296142	0.3612547814846039
-0.8428446426987648	-0.2781164944171905	-0.5794108659029007
-0.8891663700342178	-0.1598668992519378	0.4502529501914978
0.4320870637893677	-0.1618121862411499	0.4513539969921112
-0.4926965534687042	-0.3337424993515014	0.6587408930063248
-0.6190422773361206	0.0028870403766632	0.293575644493103
0.8989526070654392	-0.2522219717502594	0.2863629162311554
-0.9180116839706898	-0.1971616446971893	0.1409454345703125
-0.9686811659485102	-0.1449606418609619	0.4116787016391754
-0.8880057223141193	-0.1881501972675323	0.5271964073181152
-0.4426456689834595	-0.1216405630111694	-0.0631121098995208
-0.712340235710144	-0.5140006691217422	0.578239306807518
0.0214574038982391	-0.0374870002269744	0.6402005106210709
-0.8554146215319633	-0.1140395402908325	0.4120033979415893
-0.9507088903337716	-0.0153495073318481	-0.1814722120761871
0.82286536693573	0.0142346322536468	0.4684038758277893
-0.1492151319980621	-0.2993399202823639	0.613470271229744
0.1583402156829834	-0.398137480020523	0.4319938719272613
0.8441841453313828	-0.3093873858451843	0.4998375177383423
0.1032674610614776	-0.5760666579008102	0.4577092826366424
-0.9061421789228916	0.2713269591331482	0.2017369866371154
-0.9097805544734	0.1232551336288452	-0.0361038148403167
0.0440482497215271	-0.0709654986858367	0.0652919113636016
-0.97405955940485	-0.3935398459434509	0.6228156238794327
-0.85847058147192	-0.0915675461292266	0.4104049205780029
0.15464648604393	-0.0700426399707794	0.4232910573482513
0.7191760689020157	-0.1749439835548401	0.2870664000511169
-0.0965600907802581	0.0266969501972198	-0.0004172027111053
-0.9813000755384564	-0.5345472246408463	-0.9633354395627975
-0.1279119849205017	-0.0194573104381561	0.1956535577774047
0.7073545753955841	0.1215612292289733	0.2551038265228271
0.6293916702270508	-0.2445643246173858	0.4783608019351959
-0.1934316158294677	-0.3900477886199951	0.0611641705036163
-0.9225101694464684	-0.261790931224823	-0.0396200120449066
-0.8376145660877228	-0.2944305539131164	0.4989279806613922
-0.7320028394460678	0.0564132630825042	0.3569121360778808
-0.670217975974083	0.1237360835075378	-0.0409731566905975
-0.6381758004426956	-0.1353271603584289	0.2445723414421081
-0.9847433855757116	0.0396583080291748	0.3950867652893066
0.8010977804660797	0.1858932971954345	0.1386272013187408
0.9798433035612106	-0.2234744727611541	0.2951214611530304
-0.983762294985354	-0.0198560655117034	0.3086558282375335
0.1701354682445526	-0.1189910471439361	-0.048358142375946
0.6878575831651688	-0.3175753653049469	0.2214139997959137
-0.8401975631713867	-0.0532746016979217	0.1512967050075531
-0.8092347234487534	0.0248512029647827	0.3140834867954254
-0.8533374071121216	0.1747043430805206	0.205154150724411
-0.602928638458252	-0.0301617085933685	0.425234317779541
0.1935301423072815	-0.4479693174362182	0.30636927485466
-0.9880509586073458	-0.1743043661117553	0.4495673179626465
-0.4236609041690826	-0.1395410895347595	0.3278858661651611
0.2330019474029541	-0.2556384801864624	0.0701068639755249
0.6863516271114349	-0.7160849869251251	0.3396926820278168
-0.8599367886781693	0.0964501798152923	0.4316767752170563
-0.7745609134435654	0.1161588728427887	0.2512570917606354
0.7127389758825302	-0.3704927861690521	0.8679051026701927
0.763702966272831	-0.3056767582893371	0.6467432975769043
0.4127902686595917	-0.1618270874023437	0.4789918661117553
-0.9925315373111516	-0.4322954714298248	0.6844326108694077
-0.9175853505730628	0.0728978514671325	0.1715455055236816
0.1769851744174957	-0.0573451220989227	0.0032597482204437
-0.4192682802677154	-0.3844801187515259	0.7058185487985611
0.384467214345932	0.2324789464473724	0.3817228078842163
-0.9705607416108252	-0.3501452207565307	0.285622626543045
-0.8725186064839363	-0.1878805160522461	0.3804936110973358
-0.0895194709300994	-0.5089744925498962	0.8616730272769928
-0.935572735965252	-0.4946103096008301	0.4937646389007568
0.2446183264255523	-0.1139395236968994	0.4934664070606231
-0.771170973777771	-0.3564116954803467	0.3814026117324829
-0.8066300302743912	-0.0154939293861389	0.472513198852539
-0.0812048614025116	-0.1749016642570495	0.5294914692640305
0.4837855994701385	0.1512733101844787	0.2622096836566925
-0.8078264147043228	0.1127859055995941	0.46788489818573
-0.9773910576477648	-0.3353018164634704	0.2464433908462524
-0.9166822358965874	0.0369978845119476	0.3096488714218139
0.7092216610908508	0.0141873955726623	0.2030228078365326
-0.2872757315635681	0.1400620341300964	0.3742673695087433
0.9345726743340492	-0.0786438882350921	0.1592694818973541
0.0840327739715576	-0.1803110837936401	-0.5738655179738998
0.698510617017746	0.162401795387268	0.3730507791042328
-0.8829337395727634	-0.2881698608398437	0.3897409737110138
-0.774039052426815	-0.1719688773155212	-0.0458419919013977
0.3269128203392029	-0.2167833745479583	0.218104749917984
-0.9829153548926116	-0.285944789648056	0.5063076019287109
-0.7671687752008438	-0.1178520917892456	0.6081764847040176
-0.1499459743499755	-0.2812610864639282	0.2448461055755615
0.4151808023452759	-0.1717675030231475	0.5174660533666611
0.8865242041647434	-0.3459124267101288	0.4736718237400055
0.5042695552110672	-0.2479948997497558	0.4557194709777832
0.4783379137516022	-0.242590844631195	0.2056767046451568
0.8627968207001686	-0.5700663775205612	0.4197902083396911
-0.8986324481666088	-0.3008357286453247	0.3116507232189178
-0.8995475955307484	-0.2826541662216186	-0.4409747719764709
-0.7603468596935272	-0.3066466748714447	0.2129438519477844
0.9479785971343516	-0.2784005999565124	0.2489718198776245
-0.8962816186249256	0.1331494450569152	0.429981529712677
-0.3191510736942291	0.1040078401565551	0.3653032481670379
-0.3857006132602691	0.0309672355651855	0.241418570280075
0.591535285115242	-0.165108174085617	0.3572408258914947
-0.8756373040378094	-0.4268979728221893	0.5505200773477554
-0.9548970479518176	-0.2297795116901397	0.1512291431427002
-0.9307476058602332	0.035804808139801	0.487129807472229
0.5557347536087036	-0.4696967303752899	0.3921940624713897
-0.2562578022480011	0.6279899179935455	0.3551405966281891
-0.9185311608016492	-0.0400643348693847	0.5098167806863785
-0.8083397001028061	0.2296808958053589	0.2738427817821502
-0.9374679289758204	-0.1532559692859649	0.1775120794773101
0.373346745967865	-0.1218810081481933	0.6021978706121445
0.8456931039690971	-0.4547946453094482	0.2728260457515716
-0.9839574107900262	-0.2800446152687073	0.2286975979804992
-0.9267024621367456	-0.3586741089820862	0.481509119272232
-0.031189739704132	-0.4725598692893982	0.5852134078741074
-0.9566340874880552	-0.1758514940738678	0.2616710066795349
-0.1976871788501739	0.1546234190464019	0.3906197845935821
0.735566109418869	-0.0634031295776367	-0.0931539237499237
0.9576234575361012	-0.0152869820594787	0.3801204562187195
-0.7213368862867355	-0.0343452990055084	0.0722939074039459
-0.9744127979502082	-0.1182250082492828	-0.186203122138977
0.7330482006072998	-0.3903038203716278	0.6299560368061066
-0.969321028329432	0.0974485874176025	0.2843106687068939
0.6695413887500763	-0.3049878180027008	0.5485489964485168
-0.9116485975682737	-0.0068084001541137	0.289044052362442
-0.7972480356693268	-0.0719557404518127	0.5510690659284592
0.8783447965979576	-0.3763003349304199	0.9207452684640884
-0.7473077774047852	-0.1334933936595916	0.5155712366104126
-0.7833806350827217	-0.3284299373626709	0.3481892049312591
-0.8803686946630478	-0.1729216277599334	-0.5300668925046921
-0.5327214747667313	-0.0761812925338745	0.6633690595626831
-0.4117627441883087	-0.2858240008354187	-0.1896425783634185
-0.8720073401927948	-0.2361577451229095	-0.2853936553001404
0.0107111632823944	-0.0156168341636657	-0.2637154757976532
0.1848760545253753	-0.3727214932441711	0.3562552630901336
0.8728188574314117	-0.2009221315383911	0.3114343285560608
-0.6305241286754608	0.0021624863147735	-0.2947195470333099
-0.9845818928442897	-0.1944509744644165	0.0606386959552764
-0.922437597066164	-0.2613252401351928	0.3422112762928009
0.5267870873212814	-0.177767664194107	0.5834223628044128
-0.916913729161024	-0.0526535809040069	0.1922725439071655
-0.8285216763615608	-0.278365820646286	0.6641135513782501
-0.9072542078793048	0.2151883244514465	0.2802760303020477
-0.8551604822278023	-0.1759097576141357	-0.0468283891677856
0.5312296003103256	-0.0352118909358978	0.4132300019264221
-0.8683769702911377	0.0612239837646484	0.3964426517486572
-0.9399315137416124	0.0469115376472473	-0.8813559785485268
0.800453282892704	-0.4136150181293487	0.8327850922942162
-0.6468578428030014	-0.4258254170417785	0.5947440415620804
0.0844376683235168	-0.056113451719284	0.271491527557373
-0.0432744026184082	-0.0269812047481536	0.0805560052394867
-0.9838758213445544	-0.1139524281024932	0.1589197516441345
-0.9038610532879828	-0.8304270729422569	0.9334909804165364
-0.8853189796209335	-0.1766048669815063	0.5827986299991608
-0.7939062267541885	-0.1351711452007293	0.3820095658302307
-0.9661017823964356	0.0480617880821228	-0.7731260284781456
-0.6244616806507111	-0.0005244016647338	0.4763936996459961
0.8989367820322514	-0.1123399138450622	0.372113823890686
-0.1132260859012603	-0.0367199182510376	0.5107345134019852
-0.979827999137342	0.0393353104591369	-0.6288322359323502
0.3972813189029693	0.1756791174411773	0.5830983817577362
-0.91795352101326	-0.1576544046401977	0.1018545627593994
-0.9885413534939288	0.8158148601651192	-0.082308679819107
-0.9302854090929032	0.2214528918266296	0.5968311429023743
-0.5175246745347977	-0.2635578513145447	0.3923887312412262
-0.967549204826355	-0.4677219092845917	0.519211933016777
-0.9551139157265424	0.2016439735889434	0.130199909210205
-0.7017313539981842	-0.3193749189376831	0.5689748823642731
-0.0311072766780853	-0.0754576623439788	0.2925071716308594
-0.071541428565979	-0.2674340903759002	0.4642263948917389
0.7785031870007515	-0.169709712266922	0.1127017438411712
0.0057210624217987	-0.1809794902801513	-0.0030754804611206
-0.3205546736717224	-0.1689269244670868	-0.244865745306015
-0.8144568502902985	-0.121418684720993	0.244077444076538
-0.8657561019062996	-0.1339130401611328	0.5755053013563156
-0.8103844821453094	-0.080077052116394	0.2993668913841247
0.1155440807342529	0.0493547916412353	0.6914835423231125
0.9911401942372322	0.1390950679779052	0.4632549583911896
0.7673385143280029	-0.232581228017807	0.5315406024456024
0.787304975092411	-0.1227726936340332	0.2595950961112976
0.1134842932224273	-0.3310611248016357	0.3192178010940552
0.4867546260356903	-0.1816611588001251	0.2543075382709503
-0.973424082621932	-0.1692371070384979	0.6036915481090546
0.1740815639495849	0.0140270292758941	0.2439920306205749
0.0641207098960876	-0.1289717555046081	0.4460729956626892
-0.479424238204956	-0.1637783348560333	0.3983294665813446
0.1053224802017211	-0.1245794892311096	0.3302521705627441
0.1342416405677795	-0.3138855695724487	0.2030760943889618
-0.457112580537796	-0.5482814460992813	0.4860954284667969
-0.6108915656805038	-0.49565589427948	0.3415979743003845
0.250587522983551	-0.4994286298751831	0.7052937895059586
-0.966562893241644	-0.2810206711292267	-0.9905250226147472
-0.0887543857097625	-0.3083512485027313	-0.1473886668682098
0.8849893845617771	-0.3647765815258026	0.3579287528991699
-0.7936793938279152	-0.2129848301410675	0.3958586752414703
-0.9647320248186588	-0.3223772048950195	0.302761048078537
-0.9772534696385264	-0.2333017289638519	0.4013696312904358
-0.5818802118301392	-0.493242859840393	0.3730346262454986
0.5669486373662949	-0.0509898662567138	0.3918021917343139
-0.7835304588079453	0.2103495299816131	-0.4396630823612213
0.9457137398421764	-0.5451296269893646	0.5143183320760727
-0.827972061932087	-0.3615148067474365	0.3468554317951202
-0.9688500445336105	-0.2452585995197296	0.5438819229602814
0.6837698072195053	-0.5881270170211792	0.0949153304100036
0.7995711341500282	-0.3041584491729736	0.6564934253692627
0.4543626308441162	-0.2363168001174926	0.1878949403762817
-0.8901605606079102	-0.0059413909912109	0.0470619201660156
-0.8564489930868149	-0.4622464478015899	0.8584682643413544
0.3477075397968292	-0.3958088457584381	0.3306343257427215
-0.7019201815128326	0.787176251411438	-0.0769796371459961
-0.7351540476083755	0.1181258559226989	0.08644700050354
-0.8175842761993408	-0.1735529005527496	0.2337124645709991
-0.6647336930036545	-0.3762530386447906	0.5816043764352798
0.0092943608760833	-0.1400717794895172	0.4600866734981537
-0.9494093582034112	-0.1571122705936432	0.4992096126079559
-0.6860860735177994	-0.1914963722229004	0.3990308344364166
0.7700542882084846	-0.2030436396598816	0.3204734027385711
0.7655692920088768	-0.3698630332946777	0.7720740959048271
0.8207371234893799	0.103382408618927	0.2194358110427856
-0.2906523644924164	-0.3027040064334869	0.5081952810287476
-0.8585142344236374	-0.1552176773548126	0.4116922616958618
-0.8245618566870689	-0.0187218189239501	0.4069919884204864
0.0080778300762176	-0.4953878819942474	0.5748234838247299
-0.8151721954345703	-0.5885623544454575	0.3930845260620117
-0.9744355706498028	0.1142866313457489	0.62996806204319
-0.9902723906561732	-0.4558983743190765	0.4540245831012726
-0.9787602359429002	0.1205190122127533	0.4109497964382171
-0.5852395296096802	-0.3249605894088745	0.4804128408432007
-0.3361812829971313	0.0525881946086883	0.5049537271261215
-0.7938307374715805	0.0309004783630371	0.1434009969234466
0.0614353418350219	0.1197046041488647	0.6145539283752441
-0.906463973224163	-0.0270969569683074	0.264659970998764
-0.8090050369501114	-0.2336388826370239	0.6306925266981125
-0.9351074136793612	-0.4893698990345001	0.1485283374786377
-0.9220980070531368	-0.2580518722534179	-0.2072394788265228
-0.9690160304307938	-0.7338992655277252	0.5081743448972702
0.0238567292690277	-0.2147849202156067	0.4129384160041809
0.6271785497665405	-0.5738318264484406	0.2842400372028351
0.9389075227081776	-0.8532077595591545	0.3044109940528869
-0.6763529777526855	-0.248194932937622	0.1603086590766906
-0.4991371929645538	0.1475309133529663	0.3603686690330505
0.8877004496753216	-0.577521026134491	-0.1026870906352996
-0.6377072036266327	-0.2740808129310608	0.4473140239715576
-0.1237404346466064	-0.0656330287456512	-0.228279560804367
-0.1464937031269073	-0.1426761150360107	0.3300093114376068
-0.937025047838688	-0.3007959127426147	0.5878161489963531
-0.8110597208142281	-0.2751033306121826	0.3521749377250671
-0.9920615758746862	0.0386580526828765	0.512107327580452
-0.9350699707865716	-0.3537107706069946	0.2300517857074737
0.5075812190771103	0.3032571077346802	0.1565463840961456
-0.8916312679648399	0.3733702600002289	0.1251275539398193
-0.6535537093877792	-0.1421592235565185	0.3829434216022491
-0.9781981594860554	-0.4735996723175049	0.3221913576126098
0.8811739571392536	-0.3391870856285095	0.3232143819332123
0.5657585561275482	0.0399037301540374	0.1422294974327087
-0.6777766942977905	-0.1919640302658081	0.3098956346511841
0.7189681679010391	-0.1672156155109405	0.2810783386230469
0.5046416968107224	-0.783899575471878	0.9933023077901452
-0.2126169800758361	0.1244516372680664	-0.0242155492305755
0.8086756318807602	-0.2333365082740783	0.5605036914348602
-0.8192200735211372	0.104862242937088	0.1576919555664062
-0.8905577585101128	0.1634517014026641	-0.5876858234405518
0.8114835470914841	-0.40151047706604	0.3173355162143707
-0.8221813663840294	-0.3328656554222107	0.4179790318012237
-0.8373949751257896	-0.1275045573711395	-0.9043008051812648
-0.5631791800260544	-0.1594237685203552	-0.2803944647312164
-0.7587772458791733	-0.1042865812778472	0.508873924612999
-0.4187195003032684	-0.2661954164505005	0.2569039165973663
-0.6700103282928467	-0.1934711635112762	-0.2230384647846222
-0.508530467748642	-0.0666877031326294	0.0442485809326171
-0.8638064861297607	-0.5214159935712814	0.1570253074169159
-0.7276341617107391	0.0996262729167938	-0.437513917684555
0.2214970588684082	-0.5122624784708023	0.0439361035823822
-0.179240345954895	-0.4655414223670959	-0.2373715937137603
-0.9401588924229144	-0.224692165851593	0.3615153133869171
-0.9294308796525002	-0.6491086035966873	-0.252453863620758
-0.9223646521568298	-0.1612334251403808	0.4346433281898498
0.1101164817810058	-0.1368478536605835	0.4107426404953003
0.7980197295546532	-0.2777417004108429	0.6148218214511871
0.2339389324188232	-0.0862824320793151	-0.2446415722370147
-0.9264667220413684	-0.2485607266426086	0.1899013221263885
0.7096116542816162	-0.3311544954776764	0.4572081863880157
0.7176270186901093	-0.5713870674371719	0.6094877421855927
0.5262538343667984	0.1212846636772155	0.1610189974308014
-0.9589448254555464	-0.2146147191524505	0.449743390083313
0.870844341814518	-0.0328818559646606	0.4093115925788879
0.4890586733818054	-0.2503730952739715	0.4363071918487549
-0.7637980282306671	0.005642294883728	0.098962515592575
-0.4560913741588592	0.1250189840793609	-0.4182726442813873
0.2513276040554046	-0.0874474346637725	0.3059414327144623
0.94620481133461	-0.4767901003360748	0.4565520286560058
-0.2850305736064911	0.3935372829437256	-0.2091245353221893
-0.8972525596618652	-0.1532431244850158	0.5607546418905258
-0.9023969769477844	-0.113116830587387	0.3269198834896087
-0.8849486894905567	0.1322556734085083	0.075867086648941
0.9168007262051104	-0.0194738507270813	0.2442129552364349
-0.4666184484958648	0.0710927546024322	0.2100452184677124
-0.4665367007255554	-0.1471017897129058	0.3165942132472992
-0.9369614236056804	-0.5107305198907852	0.9486354757100344
-0.9810341689735652	-0.5331380516290665	0.1514657735824585
-0.8294582515954971	-0.259033590555191	0.3910434246063232
-0.8836411461234093	-0.0922876894474029	0.1005490720272064
0.9687912538647652	-0.7114855498075485	0.3813753426074981
0.977378472685814	-0.4395900964736938	0.8898437283933163
-0.1978609561920166	-0.4420126080513	0.7531393989920616
0.5595323145389557	0.215058147907257	-0.418436586856842
-0.6811368763446808	-0.094199925661087	0.6244940757751465
-0.9236196428537368	0.0557955503463745	0.472462922334671
-0.9260898381471634	-0.0022338330745697	0.7982809096574783
-0.4189294874668121	-0.2357144653797149	0.5166960954666138
-0.196298599243164	0.0259604454040527	0.1435720026493072
-0.7610123604536057	-0.2702249586582184	0.368422657251358
0.5510638803243637	-0.0667997598648071	0.5212589651346207
0.7779823392629623	-0.2049594521522522	0.4682385921478271
-0.9491806924343108	0.2377155125141143	-0.1350197196006775
-0.1437629163265228	-0.4561477899551391	0.5121512115001678
-0.9227776862680912	-0.3241080343723297	0.0817758440971374
-0.8610590696334839	-0.3823210000991821	0.2392286658287048
-0.8857744187116623	-0.2121822237968444	0.3103255033493042
0.8989350646734238	0.1674288511276245	0.2778829634189605
-0.9787329556420444	-0.1848224103450775	0.4938022792339325
0.9410367161035538	-0.3506810069084167	0.4507145881652832
-0.1323959827423095	-0.0963745415210723	0.0745817124843597
0.6286262571811676	-0.2871891558170318	0.060624212026596
0.4354503452777862	0.0813130438327789	0.1419748961925506
-0.4879588186740875	-0.4158375561237335	0.3557698726654053
0.4996176064014435	-0.0348099172115325	0.6267658770084381
-0.9715342214331032	-0.1627377569675445	0.4359852373600006
0.078088492155075	-0.336587905883789	0.2747637629508972
-0.8200923129916191	-0.168543666601181	0.2819443345069885
0.8362502753734589	0.3232702910900116	0.3603111505508423
-0.972005751915276	0.2677051723003387	0.2414295077323913
-0.9011709652841092	0.3076460063457489	0.6010192632675171
-0.9256682023406028	-0.175863116979599	0.4168063104152679
0.5948986560106277	0.0206245779991149	0.5692254304885864
-0.3719638884067535	-0.3958310782909393	0.5552010387182236
0.5703583657741547	-0.5480053126811981	0.9489265829324722
0.7065228521823883	-0.12309330701828	0.2172017693519592
0.4230469167232513	-0.322232723236084	0.7279126644134521
0.1844555139541626	-0.2909715473651886	0.5579182207584381
0.9440898727625608	0.0008611977100372	0.5711857229471207
-0.3861479759216308	0.0626653134822845	0.105311095714569
-0.4981780052185058	0.0140253603458404	0.3033474385738373
0.4044167101383209	0.0880905389785766	0.2902093231678009
-0.8502819463610649	-0.0397466421127319	0.7178307175636292
-0.5586365312337875	-0.1074413061141967	0.2619544267654419
-0.6855509430170059	-0.3313474059104919	0.7236656695604324
-0.1840713024139404	-0.2159287929534912	0.3696040511131286
0.9029443636536598	-0.3085145056247711	0.5622777193784714
-0.9934748222585768	-0.2267559170722961	0.673135980963707
-0.938239824026823	-0.2801944315433502	0.4108723402023315
-0.3369266390800476	0.0764919519424438	-0.0253778994083404
0.0736278593540191	-0.6694974154233932	0.387768417596817
-0.7765576988458633	-0.1064704656600952	0.6524702459573746
-0.9741515647619964	-0.2286312878131866	0.333504319190979
0.556856170296669	0.1871407330036163	0.3236227631568908
-0.9833838725462556	-0.1337855458259582	0.8397649824619293
-0.8278959095478058	-0.2186077535152435	0.2831652760505676
0.4440081715583801	0.13752281665802	-0.7930070459842682
0.8165530562400818	0.2990188002586365	0.6828154623508453
-0.9802790526300668	-0.305179625749588	0.3162169158458709
0.8505143597722054	0.2319527864456176	0.0858112871646881
0.0396110713481903	0.1040696799755096	0.356244295835495
-0.9645900707691908	-0.3486769199371338	0.6045591682195663
0.2784397900104522	-0.0148872733116149	-0.0158379077911376
-0.8945028409361839	0.0123057961463928	0.2068545818328857
-0.8659626841545105	-0.0403407216072082	-0.3272788226604461
-0.1368196010589599	0.0131788849830627	-0.0165629684925079
-0.677180290222168	0.0246550440788269	0.1581858396530151
-0.8524482548236847	0.0390360355377197	0.076922059059143
-0.6378676295280457	-0.1040700674057006	0.4940015375614166
0.4485613107681274	-0.6541292816400528	0.3748711943626404
0.707858219742775	-0.1628645956516266	0.8649256005883217
0.0341961085796356	-0.1261273324489593	0.0054755806922912
0.8826977275311947	-0.1101538836956024	0.4049131870269775
-0.8254832401871681	-0.2159876823425293	0.5349818170070648
-0.9299551211297512	-0.4636460542678833	0.167199969291687
-0.6013907492160797	-0.19448122382164	0.6022438108921051
0.9558910932391882	0.4488535225391388	0.3546584546566009
0.5753195434808731	0.1316766142845153	0.5201073586940765
0.6237536668777466	-0.2397376298904419	0.4397637844085693
-0.8798014856874943	-0.2032354772090912	0.2734243273735046
-0.9684864114969968	-0.1369790732860565	0.6105994284152985
-0.8836511448025703	-0.2578295171260834	0.5739110112190247
0.734910324215889	-0.1872425377368927	-0.0084951221942901
-0.9558583106845616	0.0147373974323272	0.6113236993551254
0.4325107634067535	-0.54750657081604	0.1653980016708374
0.5735744833946228	-0.4325186312198639	0.3575026392936706
-0.1698382794857025	-0.2861203849315643	0.4189443588256836
0.0434833467006683	-0.0131867825984954	0.0600811541080474
-0.8234929144382477	-0.1760713458061218	0.1799695491790771
-0.7623312771320343	0.0093621909618377	-0.2707816064357757
-0.9219215512275696	-0.1975868046283722	-0.2977241575717926
-0.6607688963413239	-0.0896274745464325	-0.8604989945888519
0.8772191293537617	0.1379609405994415	0.3483132421970367
-0.8382824584841728	-0.0403322875499725	0.7144073694944382
0.8881997019052505	-0.2995111644268036	0.3153050243854522
0.7058456838130951	-0.282810628414154	0.4043853282928467
-0.3324877023696899	-0.5714011341333389	0.5476303100585938
-0.6047051101922989	-0.0492594540119171	0.4158028066158294
0.3331183195114136	-0.1028638482093811	0.24363973736763
-0.8613658398389816	-0.1818973124027252	0.6215120255947113
-0.6269153207540512	0.0109595358371734	0.0231733918190002
-0.7786533832550049	-0.2561449110507965	0.0997073650360107
-0.968013908714056	-0.4268787205219269	-0.2174462974071502
-0.9295465350151062	-0.2422035038471222	0.6012660264968872
-0.8083757758140564	-0.2635195553302765	0.3514163494110107
0.5017251670360565	0.4620800018310547	0.2928332984447479
-0.9793965611606836	-0.2053841054439544	0.3036749958992004
0.1424180269241333	-0.143256664276123	0.311956524848938
-0.9549211319535972	-0.2803505659103393	0.7895590960979462
-0.0648058950901031	-0.1033134162425994	0.3833845853805542
-0.6662422716617584	-0.1880743205547332	0.2787740528583526
-0.9474173989146948	-0.2462254166603088	0.3101365268230438
0.9268681816756724	-0.7586580067873001	0.5803071707487106
-0.8589191362261772	-0.4371264576911926	0.2505224049091339
0.9366340264678	-0.3363844156265259	0.547244057059288
-0.9707421148195864	-0.2175238728523254	0.5805840045213699
-0.795178972184658	-0.279191106557846	0.4271675050258636
-0.3802902400493622	-0.0586396753787994	0.1012370884418487
-0.9323568791151048	-0.016853779554367	0.6258859783411026
-0.7445864081382751	-0.1979489922523498	0.2714502513408661
0.6073319911956787	-0.3396123051643371	0.2961113452911377
-0.89573710039258	-0.0771355926990509	0.109960913658142
0.4518440663814544	-0.1403147578239441	0.3616388738155365
0.4903694987297058	-0.2810681462287903	0.5057601183652878
0.8743879571557045	-0.366977334022522	0.4155705273151397
-0.425492912530899	0.3967787325382232	-0.0160843133926391
-0.0628142654895782	-0.218422383069992	0.4851526618003845
-0.9790392378345132	-0.3047924041748047	0.6934542506933212
0.742965966463089	0.0127144753932952	0.4063491821289062
-0.9143627025187016	-0.2465146481990814	0.4605081975460052
-0.8278474062681198	-0.545797124505043	0.4530744552612304
-0.8423925936222076	-0.04463991522789	0.338336706161499
-0.51677206158638	-0.4401757717132568	0.3480397462844848
-0.9777860464528204	-0.0762627124786377	-0.1183878779411315
0.86863873898983	-0.5084513276815414	0.3775641918182373
-0.7703092098236084	0.070209264755249	0.1977652907371521
-0.1080598533153534	-0.1243429183959961	0.5061235576868057
-0.9464146122336388	-0.1375645697116851	0.206100583076477
-0.925431601703167	-0.2632770836353302	0.269249826669693
-0.3926165997982025	-0.0791850388050079	-0.1258420646190643
-0.2160644233226776	-0.388907790184021	0.2859497368335724
0.9680892992764712	-0.4293345808982849	0.0963345468044281
-0.8367839604616165	0.3952991664409637	0.0088330805301666
0.3147757053375244	0.174122005701065	0.2878913879394531
-0.1493196189403534	-0.4397911429405212	0.81517543643713
0.9823112739250064	-0.3557053506374359	0.2520125806331634
-0.7485951781272888	0.1405991911888122	-0.0072559416294097
0.0568915605545043	-0.0911131203174591	0.5861721038818359
-0.0846328437328338	-0.0394354462623596	0.0567379593849182
-0.7867697402834892	-0.0151878297328948	0.0957431495189666
0.8468617126345634	0.122259497642517	0.5591636896133423
-0.7417775392532349	0.044183611869812	0.1062369048595428
0.1328164041042328	-0.5130437314510345	0.1184234023094177
0.9022716172039508	0.0336151719093322	0.311875432729721
-0.982333523221314	-0.4144671857357025	0.4435269236564636
-0.9320285506546496	-0.0890817940235138	-0.3289753496646881
0.2378968000411987	-0.1637549996376037	0.561743438243866
0.0572203993797302	-0.127939224243164	0.0794531106948852
0.8148977681994438	0.1849937438964843	0.100554883480072
-0.5300119668245316	-0.1603229343891143	0.017779529094696
0.8432624191045761	0.1188868284225463	0.3514234125614166
-0.8978961706161499	0.0511035323143005	0.3091775476932525
0.7436821907758713	-0.1741513311862945	0.5224052220582962
-0.2979723811149597	-0.1456605792045593	0.3420324623584747
-0.9362184181809424	-0.2923512458801269	0.155223548412323
-0.6779852956533432	-0.7540581226348877	-0.0006527304649353
0.4040693342685699	-0.6011375337839127	0.2815902233123779
-0.7079228609800339	-0.3632914125919342	0.2893013656139374
-0.9757952224463224	-0.1187911927700042	0.3980244696140289
0.2891634404659271	-0.0487582087516784	0.1493246257305145
-0.4455735385417938	0.0606797635555267	0.0265009403228759
-0.9308694191277028	-0.4864889681339264	0.2326292395591735
-0.0927651226520538	-0.1915083527565002	0.3644384443759918
-0.9864622056484222	-0.3848284184932709	0.019193947315216
0.5425318330526352	-0.0449614226818084	0.3789586424827575
0.1237885355949401	-0.0272494852542877	0.0468969345092773
0.333165556192398	0.1060311794281005	-0.078441321849823
0.9066844470798968	-0.0939171314239502	0.3710778951644897
-0.3113760352134704	0.5561396926641464	0.3118630051612854
-0.8138500079512596	-0.0451679825782775	-0.5804516524076462
-0.9317667298018932	0.0880458652973175	0.2215660512447357
-0.144309401512146	0.2467445135116577	0.0573208630084991
0.5215052366256714	-0.2491321563720703	0.9323513358831406
-0.9501120820641518	-0.3004600405693054	0.357892632484436
-0.952567232772708	-0.1931920051574707	0.6271477788686752
0.914990957826376	-0.5624116659164429	0.5358078926801682
-0.2905851602554321	-0.0128490328788757	0.3364325165748596
-0.8484731093049049	-0.0598339140415191	-0.190582662820816
0.7968134954571724	0.0439087152481079	0.2273509204387664
-0.8662703335285187	0.0180834829807281	0.1644615232944488
0.6642837971448898	-0.3104913234710693	0.1897096037864685
0.3885748088359833	-0.1086719632148742	0.7240054607391357
0.3980141580104828	-0.1188726127147674	-0.0219950377941131
-0.9730464080348612	-0.1828821301460266	0.1968109607696533
-0.991993532050401	0.1769663095474243	-0.3902261257171631
-0.4285648763179779	-0.2155965268611908	0.148960143327713
0.8396692201495171	0.0421356856822967	0.13405242562294
-0.9701362503692508	-0.2376275956630706	0.2797400653362274
-0.2363533079624176	-0.0133609771728515	0.7615229561924934
-0.7416718602180481	0.0079364478588104	0.2947152554988861
-0.9845200390554965	-0.1611240804195404	0.6927978098392487
-0.0147163867950439	0.0252035558223724	0.4681837558746338
-0.2890860736370086	-0.3170754313468933	0.1988806128501892
0.9376207310706376	-0.3388003706932068	0.46864053606987
0.8189514130353928	-0.0429233908653259	0.1562263369560241
0.4296437203884125	-0.6618928909301758	0.482243150472641
0.8396087363362312	-0.5598861128091812	0.576496958732605
-0.9572713971138	-0.0994558334350586	0.086783617734909
0.2238794565200805	-0.375084638595581	0.3245039284229278
-0.5570198148488998	-0.2557898759841919	-0.1352842450141906
-0.9848843845538796	0.014081984758377	0.1969895362854004
-0.1182437539100647	-0.2148077487945556	0.1181150078773498
0.4665828347206116	0.2236997783184051	0.6363949328660965
-0.5825551599264145	0.0777688026428222	0.696732223033905
0.0491861701011657	-0.2243987023830413	0.6015278100967407
0.4175121784210205	-0.2746056616306305	0.3619679510593414
0.8461074903607368	-0.0644881725311279	0.6129292845726013
-0.2283534109592437	-0.2388339042663574	0.5292408913373947
0.8204250633716583	-0.0717948675155639	0.1765331327915191
-0.8731640577316284	-0.156767725944519	-0.1232997775077819
0.8305640146136284	-0.3879257142543793	0.4220273792743683
-0.725151777267456	-0.3823440074920654	0.586968407034874
-0.8885911963880062	-0.5108674317598343	0.4484860897064209
0.9666299503296614	-0.2131861746311187	0.381389856338501
-0.276264488697052	-0.0567804872989654	0.5983607470989227
0.5485272705554962	-0.1580628752708435	0.2406384646892547
-0.9355501011013984	0.0203818678855896	0.3590410649776459
-0.1818412542343139	-0.2590874433517456	0.4257777035236358
0.125072568655014	0.33064004778862	-0.0327515602111816
0.9416724517941476	-0.2015512883663177	0.4994165301322937
-0.8824194483458996	-0.5899783670902252	-0.98567734984681
-0.9840437844395638	-0.2031417489051818	0.7015266567468643
-0.9858188987709582	-0.1925725936889648	0.4978554844856262
-0.795313723385334	-0.3570765554904938	0.585487112402916
-0.9219028875231744	-0.8455676585435867	0.6549584716558456
-0.3795508444309234	-0.1257763504981994	0.434963971376419
-0.8897190317511559	-0.2402726411819458	0.8538244441151619
-0.3230654299259186	0.165737509727478	0.9696575989946724
-0.987881570123136	-0.2962786555290222	0.4399263262748718
-0.9089744165539742	-0.1411072611808776	0.1191088855266571
-0.661575436592102	-0.3397034108638763	0.455121636390686
-0.6674312055110931	-0.1405666768550872	-0.3263200223445892
0.9547628108412028	0.0094999074935913	0.6207732260227203
-0.2724792659282684	-0.0884462893009185	0.4799602031707763
0.9870581915602088	-0.3370223641395569	0.5886905640363693
0.3624655604362488	-0.0337576568126678	0.9421989768743516
0.8510759025812149	-0.0771464705467224	0.3679777085781097
-0.7933106273412704	0.2082663476467132	-0.2987621128559112
0.8742760643362999	0.719359964132309	-0.2955636382102966
-0.9774300614371896	0.072110116481781	0.2565572261810303
0.7220961898565292	-0.2200634777545929	0.9201712645590304
-0.8622163608670235	-0.0096581876277923	0.0750360488891601
-0.8977308943867683	-0.1785148084163665	0.0870183706283569
-0.9890290233306588	-0.8025219216942787	0.3683072030544281
0.2469366490840912	-0.2328989207744598	0.219817966222763
-0.6155176311731339	-0.0464049577713012	-0.1746973395347595
-0.9017249420285224	-0.2919676303863525	0.2289334535598755
-0.8679916933178902	-0.5600076466798782	0.4692849516868591
0.6725911498069763	0.1430539190769195	-0.0831044018268585
-0.781060703098774	-0.2226851284503936	0.1861989796161651
0.4575462341308594	-0.4701611697673797	0.5725987255573273
-0.7130239754915237	0.035049170255661	0.1280933320522308
-0.5823192745447159	0.0852648615837097	0.0278453826904296
-0.9876689831726252	-0.0741702020168304	0.4094786643981933
-0.2542641162872314	-0.3164528608322143	0.5021061152219772
0.4834844768047333	-0.0698739886283874	0.3275600373744964
-0.6365354508161545	0.0062198936939239	0.1422159969806671
0.083593875169754	0.0236511528491973	0.0576616525650024
-0.250075489282608	-0.0657629370689392	0.5662849843502045
-0.9571363814175128	-0.1651431024074554	-0.0784870386123657
-0.931516159325838	-0.0090759694576263	0.3240903615951538
-0.492419421672821	0.0063243806362152	0.4028177559375763
-0.908403467386961	-0.1866390705108642	0.4502965211868286
0.7806610092520714	-0.0362850129604339	0.2813063263893127
0.3360125422477722	-0.274157166481018	0.077654093503952
-0.8269900381565094	-0.2981393039226532	0.2910318970680237
-0.9824867555871606	-0.0319699048995971	0.5393806844949722
-0.1543102264404297	-0.2833071649074554	0.0940766334533691
0.6010890156030655	0.0062368214130401	0.9225424267351628
-0.8228147774934769	-0.2369692623615265	0.6132221519947052
-0.0248047411441802	-0.0512862205505371	0.3078477680683136
-0.9786929655820132	-0.5910774767398834	0.1400430798530578
-0.1247622966766357	-0.2902718186378479	0.2989071309566498
-0.7549777403473854	-0.0165460407733917	0.2911910712718963
-0.4979431927204132	-0.3087639212608337	0.0992386937141418
-0.1761700809001922	-0.113591581583023	0.3574294149875641
-0.2628421783447265	0.1637599766254425	0.55807164311409
0.0156265795230865	0.1019419133663177	0.4489077925682068
0.1970828473567962	-0.5521594285964966	0.479130744934082
0.5174485594034195	-0.3402304053306579	0.5103483349084854
0.3668272495269775	-0.1478233933448791	0.4385701417922973
0.0259671807289123	-0.0735900700092315	0.0230848789215087
-0.0324296057224273	-0.4634739458560943	0.2931613028049469
-0.7966546937823296	0.0876966714859008	0.5043762773275375
-0.7953828573226929	-0.4173052310943603	-0.1374338567256927
0.3087246417999267	-0.4823497533798218	0.4026843309402466
0.4431040585041046	-0.1770815849304199	-0.0286681950092315
-0.8260002061724663	-0.0178272724151611	0.3798026144504547
-0.2923451960086822	-0.5303689986467361	-0.0269330143928527
-0.9794466039165854	0.1834100484848022	0.4063876271247864
0.7414538115262985	-0.3169224858283996	0.4937914311885834
0.516538992524147	-0.1565272808074951	0.3450099527835846
-0.4896852672100067	-0.2152585983276367	0.5160191357135773
0.5423195064067841	-0.2488754987716674	0.2794290781021118
0.5093816965818405	-0.4137111008167267	-0.1271687448024749
-0.974403983913362	0.030088871717453	0.6824278235435486
-0.916789136826992	-0.1431480348110199	0.3854688704013824
-0.6591533273458481	0.0041805803775787	0.265728235244751
-0.3311580419540405	-0.1158133149147033	0.4379578828811645
-0.6296966522932053	-0.2508430182933807	0.7978832870721817
0.6841814666986465	-0.0488921403884887	0.5572370290756226
-0.9930893182754515	-0.2546152472496032	0.2781550884246826
-0.7143309414386749	0.0121726393699646	0.4893282651901245
0.3409172594547272	-0.1162946820259094	-0.1397829949855804
-0.85122000426054	-0.2309199571609497	0.3014087378978729
-0.818515881896019	-0.3020413219928741	-0.4170463383197784
0.3605482280254364	-0.658554807305336	-0.4423234462738037
-0.838591679930687	-0.2086871564388275	0.565468966960907
0.9703805530443788	-0.3852554261684418	0.5090602934360504
-0.3499610424041748	-0.5725236535072327	0.5295705497264862
0.8959346748888493	0.1448114514350891	0.7250907272100449
-0.9922855759505184	-0.1710023581981659	0.4965581595897674
-0.5061633586883545	-0.123913288116455	0.3156159222126007
0.4443607628345489	-0.0470955967903137	0.6081881672143936
-0.6087550222873688	-0.8604831472039223	0.8384513929486275
0.0621880292892456	-0.0290933847427368	0.4006285965442657
-0.529564380645752	-0.0163501501083374	-0.2720639705657959
0.5958969295024872	-0.2041525244712829	0.0031948983669281
0.9106262214481832	-0.3639599978923797	0.3778944909572601
-0.5435649454593658	-0.0966241657733917	0.0688211619853973
0.9245142228901386	-0.5715928375720978	0.7562842071056366
-0.6219157725572586	-0.8772509172558784	-0.2190722227096557
-0.0705922544002533	0.0891172885894775	0.4669390916824341
0.845240980386734	-0.6937023550271988	0.5543878078460693
0.6080529689788818	-0.2342214584350586	0.4276816844940185
-0.9078660793602468	0.0084581673145294	0.4030747413635254
0.6916494369506836	-0.2724448442459106	0.9327277280390264
-0.532525897026062	-0.2948337495326996	-0.0614069402217865
-0.1831800043582916	-0.1286753714084625	0.1710926592350006
0.143320620059967	-0.5326636582612991	0.5312052071094513
0.0370455384254455	-0.0666446089744567	0.0789111852645874
-0.8915152475237846	-0.3049654364585876	-0.3581245541572571
-0.8387562409043312	-0.135237455368042	0.2101979255676269
0.6917758733034134	-0.0327991247177124	0.2866336107254028
-0.627339705824852	-0.4521951377391815	-0.0524722337722778
0.8210284039378166	-0.2717341184616089	0.5412472486495972
-0.941097592934966	-0.0887281000614166	0.1249727010726928
0.1226586401462555	-0.513506144285202	0.4578591585159302
-0.3041715323925018	-0.2015346586704254	0.276580274105072
-0.9624236840754749	-0.5287121534347534	0.3570520877838135
0.055711030960083	-0.5134853273630142	0.0458250939846038
-0.9342976734042168	-0.1533405780792236	0.33428755402565
-0.968812869861722	-0.009911686182022	0.2116658687591552
0.7193036526441574	-0.1816287338733673	0.4288879036903381
-0.9223852604627608	0.1027775406837463	-0.1594805419445037
0.6783674657344818	-0.2045295536518097	0.8547595962882042
-0.9172184467315674	0.1310495138168335	-0.6112568378448486
-0.980093577876687	-0.3768907785415649	0.5393050014972687
0.2476590573787689	-0.0556392073631286	0.180467277765274
-0.9055713936686516	-0.5587743073701859	0.4235069453716278
0.6972589492797852	-0.3574661910533905	0.500235989689827
-0.0298861861228942	-0.1245513260364532	0.3476225435733795
-0.1709830462932586	-0.2430066168308258	0.1983416378498077
-0.0481107234954834	0.0012503862380981	0.0966752171516418
-0.3108128905296325	-0.1996297538280487	-0.0373087227344512
-0.8832957744598389	-0.45256307721138	-0.1114645004272461
-0.9544150810688734	-0.1277205944061279	0.7167256474494934
0.0031103789806365	0.033250868320465	0.4024854898452759
-0.5382313281297684	-0.0109631121158599	-0.0907768011093139
-0.0223628282546997	-0.2572559416294098	0.1563907861709594
-0.0327485501766204	-0.3463523089885711	0.7054174393415451
0.0507321059703826	-0.0286697745323181	0.3485241234302521
0.2765324413776397	0.1526416540145874	-0.449244350194931
-0.1330410540103912	-0.1371440887451172	0.2068029344081878
-0.65737184882164	0.1594103276729583	0.3056731820106506
-0.0266166925430297	-0.0206094086170196	-0.0165903866291046
-0.802252858877182	0.1593765616416931	0.3686623871326446
-0.7395113557577133	0.6041918694972992	0.2463460564613342
-0.8768701478838921	-0.1265357434749603	-0.0008299648761749
-0.7201151996850967	-0.1878146231174469	0.3299391269683838
-0.6947428584098816	-0.3115088641643524	0.1662149131298065
0.085505872964859	-0.057877093553543	-0.0025217831134796
-0.572590172290802	-0.2292485237121582	0.2322754561901092
-0.3973978757858276	-0.1629138588905334	0.3831304311752319
-0.1635962426662445	-0.2536783218383789	0.7304265648126602
0.9394760262221098	-0.5485254973173141	0.6807492971420288
-0.970743385143578	-0.1472194492816925	0.3289402723312378
0.7346295416355133	-0.2080457508563995	0.696292519569397
-0.2713602185249328	-0.1705432534217834	0.7456895112991333
-0.0631898641586303	-0.349672257900238	0.5659876018762589
-0.4783441126346588	-0.2865152955055237	0.3794266879558563
0.4375998973846435	-0.2455275654792785	0.3083692491054535
-0.5342994332313538	-0.0633194744586944	0.3588171899318695
-0.5975596904754639	0.0927916467189788	0.0724729597568512
-0.9047665670514108	-0.0543372929096221	0.4601911306381225
-0.9056079648435116	0.0002183020114898	0.4992400407791137
0.8964551761746407	0.1089645624160766	0.6473529487848282
-0.6302099227905273	0.0657631754875183	-0.4808202981948852
0.1939490735530853	-0.2249492704868316	0.345772922039032
0.6970218569040298	-0.3910847008228302	0.494297057390213
0.7527925297617912	-0.2990675866603851	0.6971840262413025
-0.5401566326618195	-0.4612708687782287	0.1960797905921936
0.7168449014425278	-0.2581806778907776	0.152303010225296
-0.9883182160556316	-0.4819273054599762	-0.0745799839496612
-0.9278797022998332	-0.0861320793628692	0.313381552696228
-0.2420819699764251	-0.0241066515445709	0.4151711761951446
-0.7076442390680313	-0.4536998271942138	0.3142116367816925
0.2891634404659271	-0.0487582087516784	0.1493246257305145
-0.9428060743957758	-0.1284957826137542	0.6113918423652649
-0.0887701511383056	-0.3051752150058746	0.3107390105724334
-0.9921481544151902	0.0717982947826385	0.2073594629764557
0.901916291564703	-0.0764555931091308	0.4135490655899048
0.53841432929039	-0.2954888343811035	0.2981667816638946
-0.2096565961837768	-0.1086300313472747	0.2110875248908996
0.8391692638397217	0.0834048390388488	0.690111055970192
0.8086898401379585	-0.1537261307239532	0.2407585084438324
-0.6723296791315079	-0.3565444350242615	0.5920560210943222
0.7935148403048515	-0.1255516111850738	0.3966222107410431
-0.9185726754367352	-0.4058052599430084	0.1135339736938476
-0.7095671445131302	-0.1389704644680023	0.4240510165691376
0.7887710481882095	-0.0318188071250915	0.3427866697311401
-0.1811631023883819	-0.0105777084827423	0.3850793242454529
0.4169991314411163	0.1655141711235046	0.3634986579418182
0.9679612014442682	-0.7160040140151978	0.3139183521270752
-0.9875419749878348	-0.156308889389038	0.535026416182518
-0.9358152337372304	0.0746934413909912	0.4347848296165466
0.7061558663845062	-0.1902596950531005	0.5526412576436996
0.4681499898433685	-0.0907381176948547	0.3287835717201233
-0.3514360785484314	0.0255458354949951	0.6160765290260315
0.2560823559761047	-0.2959777116775512	0.4472303986549377
0.8812961652874947	-0.4892647266387939	0.4200061857700348
-0.9676721282303332	-0.1239930689334869	0.3221748173236847
-0.0210535824298858	0.0001727640628814	0.4491641521453857
-0.6674954742193222	-0.0042841136455535	0.5672369599342346
-0.4626639187335968	-0.2142261862754821	0.3769350051879883
-0.584565743803978	-0.4119844138622284	0.6122634708881378
0.1418035924434662	-0.3109761476516723	-0.0563045144081115
-0.2690732479095459	-0.3130373358726501	0.0368004441261291
-0.5151034444570541	-0.2011743187904358	-0.914789330214262
0.2244131565093994	-0.0247296690940856	0.1590991020202636
0.1130090951919555	-0.0266458988189697	0.0538050532341003
-0.7211331725120544	-0.4339280426502228	-0.8995985724031925
0.8056704252958298	-0.0244941413402557	0.1111281812191009
-0.9789002733305096	-0.0218210220336914	0.2245929837226867
-0.3441864550113678	-0.3313007056713104	0.2254412174224853
-0.2633350193500519	-0.4858286082744598	0.3260751068592071
-0.9599723685532808	-0.1694920361042022	0.3234758675098419
-0.9634465202689172	-0.2575908899307251	0.4181298017501831
-0.8521212413907051	-0.0734338164329528	0.2768523395061493
0.0264112949371337	-0.4806883633136749	0.2935488224029541
-0.836410753428936	-0.052819013595581	0.7312041074037552
-0.1695023775100708	-0.0823905169963836	0.5125159025192261
-0.9771654568612576	-0.2743425369262695	0.0347921252250671
0.8650877997279167	-0.1687422096729278	0.4010143280029297
-0.5813764333724976	0.0034070014953613	0.4635221660137176
0.0890803933143615	0.0212352275848388	0.7102818340063095
0.2689224481582641	-0.2679421603679657	0.1324235498905182
0.777264691889286	-0.248151421546936	0.3221325278282165
0.9299589395523072	-0.3473395109176636	0.1741191446781158
-0.8295746818184853	0.0742450654506683	0.2804489731788635
-0.8995615988969803	-0.381435364484787	0.4792928695678711
0.6525089889764786	0.0367352664470672	0.0416443645954132
0.0277719497680664	-0.029917299747467	0.0264909565448761
-0.9299118369817734	-0.6229051202535629	0.397679328918457
0.4394946992397308	-0.1635208129882812	0.0721224248409271
-0.7321482002735138	-0.0635188817977905	0.1241560280323028
0.8072589114308357	-0.1417559385299682	0.2842790484428406
-0.8899408131837845	-0.1799780130386352	0.1888104677200317
-0.5763422101736069	0.3982914686203003	0.4013579785823822
-0.6087849140167236	-0.1208976209163665	0.6917844116687775
0.9185917191207408	-0.1887615919113159	0.080476701259613
-0.1265606582164764	-0.1881163418292999	0.1244806051254272
-0.958313724026084	-0.1379352509975433	-0.4372595846652984
0.3179956972599029	-0.0850320160388946	0.3293474018573761
-0.9641983788460492	-0.2259652018547058	0.2404116690158844
-0.8035131692886353	-0.201398879289627	-0.0549088418483734
-0.5754135400056839	-0.0439090132713317	0.4894300699234009
-0.8466287925839424	-0.1867251694202423	0.1943558454513549
-0.9292404651641846	-0.2886468172073364	0.4530811309814453
0.2600537240505218	-0.1293115019798278	-0.0841950476169586
0.8307169154286385	-0.4147939085960388	0.7779847681522369
-0.9511970784515142	-0.1546483933925628	0.315166175365448
0.146121859550476	-0.1631395816802978	0.9602505322545768
-0.7174226194620132	-0.6324469894170761	0.2015435099601745
-0.924710288643837	-0.1071791350841522	0.0688988268375396
-0.8270869329571724	-0.4564119279384613	0.0189974606037139
-0.1423588991165161	-0.1772416830062866	0.3342833220958709
0.8258833587169647	-0.3880569338798523	0.6013607084751129
-0.4112104475498199	-0.4612011909484863	-0.2805047631263733
0.8976740539073944	-0.1247794032096862	0.363359123468399
-0.1284805238246917	-0.2178208231925964	0.4148055911064148
-0.929458610713482	0.0800534188747406	0.3631590604782104
-0.9401588924229144	-0.224692165851593	0.3615153133869171
-0.960009291768074	-0.246824562549591	-0.3432904481887817
-0.7525211498141289	-0.5040090829133987	0.6403006613254547
0.096719741821289	0.0152603685855865	0.3158792555332184
-0.1295652985572815	-0.1842454969882965	0.1346379518508911
0.7146691232919693	0.0707524120807647	0.5088126808404922
-0.8476090282201767	-0.0729439854621887	0.5176514387130737
-0.8050795793533325	-0.3692813515663147	0.3609574437141418
